{
    "geracao_vencedora": 160,
    "dificuldade": "FACIL",
    "fitness_medio": 62648.08641975309,
    "cromossomo": [
        -0.05612477815386771,
        -0.4832246840806854,
        0.17960138907534284,
        0.6511118925882173,
        0.36728597035026267,
        0.26247745482239915,
        0.868960904557901,
        0.37034081295061805,
        -1.0,
        0.6503536092788645,
        0.4467583651005467,
        1.0,
        -0.5115869885462403,
        -0.17132193722168265,
        0.2458879116038723,
        0.2193240398418246,
        0.78067403043202,
        -1.0,
        0.22924830619545533,
        0.6166572890458683,
        -0.9753378543397166,
        -0.014222166354855514,
        -0.5137266922302557,
        0.13541772496984056,
        -0.42045450916305266,
        -0.8227622732682919,
        -0.5454405598530021,
        0.20874126463735027,
        -0.2437855304038376,
        -0.17444224105179795,
        0.7002660848822851,
        -0.0039438811307058175,
        -0.6856965839206794,
        1.0,
        0.5876148092365696,
        0.44931975092332876,
        -0.7273139495764382,
        0.08701482051319753,
        0.8317964529792226,
        0.44726709692263317,
        -0.34737430729513014,
        0.4465985226133752,
        0.7945146262831706,
        0.7706808780224569,
        -0.9701338094255669,
        0.7888646951718288,
        -0.5103774169427894,
        -0.16668477564698325,
        -0.8630046547039824,
        0.23751793016191353,
        0.47037424902688335,
        -0.2958078190796644,
        -0.36881186829253004,
        -0.3971991159878945,
        -0.24476998202532396,
        -0.22724149651161207,
        -0.9386591787635776,
        -0.1317542744098385,
        0.17056591139318225,
        0.5869462322190309,
        0.302142654396465,
        0.3259844030732658,
        0.6126762457573972,
        -0.010738325061452225,
        -0.21238424313075852,
        -0.23479353104337447,
        -0.18207069399611175,
        -0.686218247005654,
        0.433846287948814,
        -0.5424019029984011,
        -1.0,
        0.49543680337811513,
        -0.31091012540410357,
        0.2962429533953813,
        0.03697608974867311,
        0.6173693481549483,
        -0.6696026673202984,
        0.5290962992780637,
        -0.08518840461841584,
        0.36759179922607177,
        0.6131363733761008,
        -0.12852134834323228,
        -0.10402862636269533,
        -0.30294767038776027,
        0.8141275695363168,
        -0.4225902175130331,
        -0.07014325136792166,
        0.8254818311045379,
        -0.038755757011566194,
        -0.07210719839975566,
        -0.7509812513123829,
        -0.33338183573265945,
        0.8656638341639585,
        -0.2547708252292839,
        -0.7684441102875437,
        0.9713387119031942,
        0.8793867397651055,
        0.540589006317582,
        -1.0,
        -1.0,
        -0.49200383297799094,
        0.9960119319192682,
        0.610273320767633,
        -0.7573976607437802
    ]
}